docid	Dominant_Topic	author	orig_title	Topic_Perc_Contrib	date
mdp.39015049645867	41	muriel spark	Aiding and abetting	0.1004	2000
mdp.39015043585721	79	hanoch bartov	The brigade	0.0625	1968
mdp.39015008812425	30	keith waterhouse	Jubb	0.1238	1963
mdp.39015005769644	68	michael ayrton	The maze maker	0.1061	1967
uc1.$b105297	18	norah lofts	The lute player	0.091	1951
mdp.39015062992295	52	ignazio silone	Mr. Aristotle	0.0778	1935
uc1.32106018921913	29	kazuo ishiguro	When we were orphans	0.1177	2000
uc1.$b105483	58	harold sinclair	American years, a novel	0.079	1938
mdp.39015037759795	64	joseph finder	The zero hour : a novel	0.1081	1996
uc1.$b106131	43	gypsy rose lee	Mother finds a body	0.0852	1942
mdp.39015014286903	1	sharon dilworth	The long white	0.0882	1988
mdp.39015056817003	43	richard k. morgan	Altered carbon	0.1175	2003
uc1.32106014786492	29	adalet agaoglu	Curfew	0.1015	1997
inu.32000001859455	2	compton mackenzie	Tight little island	0.051	1950
mdp.39015064872743	71	mark haddon	A spot of bother	0.0857	2006
mdp.39015029220350	43	kem nunn	Pomona Queen	0.0759	1992
mdp.39015014858875	61	jerome weidman	Before you go	0.0404	1960
mdp.39015011819946	25	lee k abbott	Strangers in paradise	0.0825	1986
uc1.b4432327	79	alfred coppel	The burning mountain : a novel of the invasion of Japan	0.1332	1983
uc1.32106019173043	29	larry brown	A miracle of catfish : a novel in progress	0.0983	2004
mdp.39015067094030	24	arturo barea	The broken root;	0.0628	1951
uc1.$b450622	48	slesar henry	The gray flannel shroud	0.0495	1959
uc1.$b63934	18	neil h swanson	The phantom emperor	0.1235	1934
mdp.39015053521863	62	mignon rittenhouse	The amazing Nellie Bly	0.0523	1956
mdp.39015030719242	47	carolyn weston	Poor, poor, Ophelia. -	0.0659	1973
mdp.39015041072367	35	richard ford	Women with men : three stories	0.0573	1997
uc1.$b257461	64	wayne warga	Hardcover	0.1148	1985
uc1.b3462026	75	timothy harris	Kronski/McSmash	0.0966	1970
uc1.b3727111	6	john stephen strange	Reasonable doubt	0.0876	1951
mdp.39015031238143	24	oakley hall	A game for eagles	0.0974	1970
uc1.b4451949	39	william murray	Malibu	0.1017	1980
mdp.39015042571227	73	sharon oard warner	Deep in the heart	0.0998	2000
mdp.39015062113934	66	heinrich boll	Billiards at half past nine	0.0748	1961
uc1.$b161075	60	margaret ed cousins	Love and marriage: 22 stories	0.1624	1961
uc1.$b86156	58	william harlow briggs	Dakota in the morning : a novel	0.0899	1942
mdp.49015002776806	6	john lescroart	The hearing	0.168	2001
mdp.39015028870767	13	john updike	Brazil	0.0576	1994
mdp.39015060041855	41	raymond kennedy	The romance of Eleanor Gray : a novel	0.1129	2003
mdp.39015008885421	79	alan moorehead	Don't blame the generals	0.1273	1943
mdp.49015000992785	68	josephine tey	The daughter of time	0.0995	1951
mdp.39015024076427	75	richard ford	Quest for the faradawn	0.1323	1982
uc1.32106019143186	21	"jose carlos somoza
lisa dillman"	Zig zag : a novel	0.1831	2007
mdp.39015028553314	78	raymond andrews	Baby Sweet's : a novel	0.1525	1983
mdp.39015030715166	13	laurens van der post	Flamingo feather : a story of Africa	0.0504	1955
uc1.b3586833	36	monika maron	Flight of ashes	0.0723	1986
mdp.39015029209668	53	samuel charters	Elvis Presley calls his mother after the Ed Sullivan show : a novel	0.0763	1992
inu.30000081815775	58	barbara lockhart	Requiem for a summer cottage : a novel	0.0781	2002
uc1.b4368486	21	norman spinrad	Songs from the stars	0.0645	1980
uc1.$b114448	60	a e ed hogeboom	Tales fro.m the high seas;	0.0576	1948
wu.89099802738	7	margaret fuller	This awakening	0.0658	1948
mdp.39015032710629	47	steve lopez	Third and Indiana : a novel	0.0826	1994
mdp.39015034199300	41	martha grimes	Rainbow's end : a Richard Jury novel	0.131	1995
mdp.39015005672228	20	robert penn warren	Flood, a romance of our time	0.0581	1964
mdp.39015050244998	6	perri o’shaughnessy	Move to strike	0.1158	2000
mdp.39015021484988	34	tracy kidder	Among schoolchildren	0.13699999999999998	1989
mdp.39015066897474	41	david dickinson	Death on the holy mountain	0.1833	2008
mdp.39015050246175	25	anita desai	Diamond dust : and other stories	0.0708	2000
uc1.b4350634	10	harry mark petrakis	Lion at my heart; a novel	0.0935	1959
mdp.39015004248640	77	par lagerkvist	The death of Ahasuerus	0.1065	1962
mdp.39015037836783	47	andrew vachss	Strega : a novel	0.113	1987
mdp.39015051348798	34	constance beresford howe	A population of one : a novel	0.0633	1977
uc1.$b401281	50	frank orourke	The abduction of Virginia Lee	0.0385	1970
mdp.39015032104039	48	j. california cooper	In search of satisfaction	0.1321	1994
uc1.$b358699	44	zane grey	The dude ranger	0.0687	1931
mdp.39015004052026	34	bernard maclaverty	Lamb	0.0418	1980
uc1.b4084595	57	geoffrey trease	Snared nightingale	0.0868	1958
mdp.39015051278300	43	mary higgins clark	On the street where you live	0.1569	2001
mdp.39015028981556	36	b traven	The White Rose	0.0694	1979
mdp.39015056469656	72	"françois bizot
euan cameron"	The gate	0.0663	2003
mdp.39015038903707	63	brian moore	Black robe : a novel	0.109	1985
mdp.39015030850260	66	samuel astrachan	Katz-Cohen : a novel	0.11800000000000001	1978
inu.39000001482467	17	ruth park	Missus	0.07	1985
mdp.39015053116789	68	steven saylor	Arms of nemesis : a mystery of ancient Rome	0.0631	1997
mdp.39015062579050	34	joanne harris	Gentlemen & players	0.0712	2005
uc1.32106019129342	40	philip roth	The great American novel	0.098	1973
mdp.39015062532216	43	peter temple	The broken shore	0.1031	2005
mdp.39015066088157	27	ben okri	The famished road	0.0638	1991
mdp.39015003686907	41	gillian freeman	An Easter egg hunt : a novel	0.08900000000000001	1981
mdp.39015015492591	31	kate grenville	Joan makes history	0.0609	1988
uc1.32106006152380	39	william styron	Sophie's choice	0.1378	1979
mdp.39015003686170	68	sylvia fraser	The emperor's virgin : a novel	0.0841	1980
uc1.$b104492	46	louis zara	Against this rock	0.1212	1943
uc1.32106014506452	29	bernhard schlink	The reader	0.0928	1997
mdp.39015029943548	48	kathryn davis	The girl who trod on a loaf : a novel	0.0729	1993
uc1.$b101589	18	clifford dowdey	Tidewater	0.1212	1943
pst.000027900550	31	jim corbett	Man-eaters of India	0.0667	1955
uc1.b4091435	73	norah lofts	The house at sunset	0.0796	1962
uc1.b3347138	51	stephen ethel longstreet	Man of Montmartre; a novel based on the life of Maurice Utrillo	0.0853	1958
mdp.39015058799985	77	jack vance	Maske : Thaery	0.042	1976
mdp.39015050112484	29	amy bloom	A blind man can see how much I love you : stories	0.1257	2000
mdp.39015046411453	44	dick francis	In the frame	0.0702	1977
mdp.39015061190040	28	aimee bender	Willful creatures : stories	0.0618	2005
uc1.b4055593	63	ernest gordon	Through the valley of the Kwai	0.0845	1962
mdp.39015012268556	2	eric linklater	The merry muse	0.0816	1959
mdp.39015066666549	30	andre pieyre de mandiargues	The motorcycle	0.0946	1965
pst.000006593025	41	"donald j. sobol
james bernardin"	Encyclopedia Brown gets his man	0.038	1967
mdp.39015040065669	2	harry crews	Celebration : a novel	0.0684	1998
mdp.39015047609345	41	ashley warlick	The summer after June	0.0534	2000
uc1.$b800734	20	elliott arnold	Forests of the night	0.0631	1971
uc1.b4098183	13	nan chauncy	The roaring 40	0.0714	1963
uc1.b3897641	59	brigid brophy	Hackenfeller's Ape	0.1497	1954
inu.32000009540487	48	rosemary hawley jarman	The King's grey mare	0.0802	1973
mdp.39015040065818	0	robin white	Siberian light	0.1259	1997
mdp.39015066661243	32	suzanne prou	The yellow summer	0.0731	1972
mdp.39015056679247	60	daniel hayes	Kissing you : stories	0.0886	2003
pst.000044080556	75	"john bellairs
brad strickland"	The ghost in the mirror	0.0972	1994
mdp.39015005443323	24	ignazio silone	Bread and wine	0.10099999999999999	1962
uc1.32106010696398	1	beth nugent	City of boys : stories	0.1109	1992
uc1.32106013037087	70	abdulrazak gurnah	Admiring silence	0.0752	1996
umn.31951002458782f	11	edward hale bierstadt	Satan was a man : a novel of murder	0.0308	1935
inu.39000000475686	64	john e. gardner	Icebreaker	0.2123	1983
uc1.b3462557	31	henry carlisle	The Jonah man	0.1912	1984
uc1.$b103950	14	william manchester	Shadow of the monsoon	0.0768	1956
mdp.39015000612641	53	michael mewshaw	Land without shadow	0.0728	1979
mdp.39015010204546	30	leslie morgan	The naked truth and eleven other stories	0.1175	1934
uc1.b4361961	79	robert j seidman	One smart Indian	0.0891	1977
pst.000006690939	11	chris massie	The green circle	0.0944	1943
pst.000025010558	2	yuri yasuda	Old tales of Japan	0.0514	1948
mdp.39015077609884	29	alice munro	Hateship, friendship, courtship, loveship, marriage : stories	0.1448	2008
mdp.39015064904959	65	larry mcmurtry	Telegraph days : a novel	0.0539	2006
mdp.39015029198515	24	richard wiley	Indigo	0.1124	1992
mdp.39015065979604	69	robin maugham	The man with two shadows	0.0411	1958
mdp.39015056687505	25	kelly cherry	We can still be friends : a novel	0.0608	2003
mdp.39015031222998	78	erskine caldwell	A house in the uplands	0.1216	1946
mdp.39015040128970	42	angela thirkell	Close quarters	0.1217	1958
uc1.b4951667	61	paula fox	The western coast	0.1066	1972
mdp.39015041102412	29	michael carragher	A world full of places : and other stories	0.0897	1997
inu.30000087071688	45	cathy kelly	What she wants : a novel	0.0867	2003
mdp.39015008155015	79	ned calmer	The strange land	0.1167	1950
mdp.39015008913645	73	cora sandel	Alberta alone	0.2149	1965
mdp.39015016435086	56	alex w karmel	Mary Ann	0.0755	1958
mdp.39015017744312	7	phyllis barber	The school of love : short stories	0.077	1990
mdp.39015060020453	41	diana gabaldon	Lord John and the private matter	0.1425	2003
uc1.b3142996	52	sidney meller	Roots in the sky	0.1324	1938
mdp.39015050326159	71	david leavitt	Martin Bauman, or, A sure thing	0.0924	2000
uc1.$b326482	13	william o steele	The lone hunt	0.0486	1956
pst.000005756506	69	mary fanning wickham	The petrified gesture : a novel	0.069	1950
uc1.$b783890	67	james hanley	The secret journey	0.0896	1936
mdp.39015074053342	24	michael govrin	Snapshots	0.0669	2007
mdp.39015029947879	51	marta morazzoni	The invention of truth	0.1108	1993
mdp.39015060673756	43	ridley pearson	Cut and run	0.1327	2005
uc1.$b106113	18	marghanita laski	Toasted English	0.0577	1949
osu.32435018478552	76	margaret bell houston	Bride's Island : a novel	0.0535	1951
uc1.b4975981	56	bette ann moskowitz	Leaving Barney	0.1251	1988
uc1.b4463518	51	don matheson	Ninth life : a Charlie Gamble mystery	0.1432	1989
mdp.39015013905958	9	deborah eisenberg	Transactions in a foreign currency : stories	0.0853	1987
mdp.39015019054157	57	tom stoppard	Lord Malquist & Mr. Moon	0.0627	1968
inu.32000007577812	32	angus wilson	Anglo-Saxon attitudes : a novel	0.1278	1956
mdp.39015066665442	69	jean reverzy	The crossing	0.0753	1956
mdp.39015064913166	67	steve yarbrough	The end of California	0.0518	2006
mdp.39015061160530	0	kirk mitchell	Sky woman falling	0.1869	2003
mdp.49015002612373	41	robert ludlum	The Chancellor manuscript	0.1801	1977
mdp.39015034303886	36	charles mccarry	Shelley's heart : a novel	0.1319	1995
mdp.39015066047559	70	ethan canin	Emperor of the air : stories	0.0974	1988
uc1.b4099098	58	miriam powell	Jareb;	0.0621	1952
uc1.32106012298326	44	william goldman	Soldier in the rain	0.0813	1960
uc1.$b615632	18	holarich mann	Young Henry of Navarre	0.081	1937
mdp.39076002946999	26	susan dworkin	Stolen goods	0.1052	1987
mdp.39015050741381	51	robin lippincott	Our Arcadia : an American watercolor	0.08199999999999999	2001
mdp.39015047066215	66	victor rangel-ribeiro	Tivolem	0.0451	1998
uc1.$b323508	33	gerald butler	Kiss the blood off my hands	0.0848	1946
mdp.39015042556715	52	franz werfel	Twilight of a world	0.1016	1937
uc1.b2794020	60	colette	The stories of Colette	0.1082	1954
mdp.39015015386876	22	jp donleavy	A fairy tale of New York	0.0653	1973
mdp.39015021640977	72	leon bing	Do or die	0.1445	1991
pst.000061658875	23	michael bishop	Transfigurations	0.0919	1979
uc1.$b87042	38	katharine newlin burt	Strong citadel	0.0531	1949
mdp.39015046367093	60	marcel ayme	The proverb, and other stories	0.1221	1961
mdp.39015047740561	29	shyam selvadurai	Cinnamon gardens	0.1782	1998
uc1.b4357850	60	leon rooke	The broad back of the angel	0.0772	1977
pst.000012657544	52	elizabeth goudge	Towers in the mist	0.1301	1973
mdp.39015033450548	10	francis ryck	Undesirable company	0.0543	1974
mdp.39015063945292	6	catherine meadows	Friday market	0.0422	1938
uc1.32106011376040	12	philip k. dick	The divine invasion	0.0957	1981
uc1.b4278928	70	josa donoso	Charleston : & other stories	0.0545	1977
uc1.32106007171272	39	don merritt	My sister's keeper	0.0929	1983
mdp.39015041109375	25	george rabasa	Floating kingdom : a novel	0.0443	1997
mdp.39015025122964	25	ninotchka rosca	The monsoon collection	0.0716	1983
mdp.39015045580209	49	ann packer	The dive from Clausen's pier	0.0587	2002
uc1.b3796816	18	ralph bates	Lean men, an episode in a life	0.0441	1934
uc1.$b104340	14	elizabeth fenwick	Afterwards	0.0921	1950
uc1.$b87326	48	rose franken	Intimate story	0.0451	1955
mdp.39015002966607	20	margery allingham	Crime and Mr. Campion	0.0467	1937
uc1.32106012297450	78	sherley anne williams	Dessa Rose	0.1737	1986
mdp.39015019810483	75	terry brooks	The scions of Shannara	0.0613	1990
uc1.b4948995	64	gerald seymour	In honor bound	0.1435	1984
mdp.39015073992573	69	lynne sharon schwartz	Leaving Brooklyn : a novel	0.0591	1989
mdp.39015040669601	28	melissa pritchard	The instinct for bliss : short stories	0.1091	1995
mdp.39015056671277	15	carla trujillo	What night brings : a novel	0.109	2003
mdp.39015008727011	39	george v higgins	A choice of enemies	0.1046	1984
mdp.39015073818505	22	richard monaco	Parsival : or, A knight's tale	0.1087	1977
uc1.b3752556	56	emmanuel bove	My friends	0.0956	1945
uc1.b4089023	15	henry gregor felsen	Bertie comes through; illus. by Jane Toan	0.128	1947
uc1.$b243628	52	edith olivier	Mary Magdalen	0.0399	1935
mdp.39015058209753	15	lucy corin	Everyday psychokillers : a history for girls : a novel	0.1079	2004
uc1.b3910695	75	diana l paxson	The white raven	0.0912	1988
uc1.32106015521450	11	john steinbeck	The pearl;	0.042	1947
pst.000032865844	79	"duong thu huong
nina mcpherson
phan huy duong"	Novel without a name	0.1167	1996
pst.000022799944	13	morgan llywelyn	Lion of Ireland	0.0751	1979
inu.30000026037790	9	jewelle gomez	The Gilda stories	0.0993	1991
mdp.39015042092836	54	jean lévi	The dream of Confucius	0.0831	1992
uc1.32106010338751	39	robert b. parker	A Catskill eagle : a Spenser novel	0.115	1985
mdp.39015013790400	24	liam oflaherty	Insurrection	0.0377	1950
mdp.39015040780929	60	shena mackay	Dreams of dead women's handbags	0.0812	1987
mdp.39015028870114	71	donald harington	Ekaterina : a novel	0.0999	1993
uc1.b4975685	78	nikki giovanni	Sacred cows-- and other edibles	0.0819	1988
mdp.39015030843257	64	james aldridge	The diplomat	0.0906	1950
mdp.39015014722592	62	rk narayan	Talkative man	0.1474	1986
mdp.39015003930461	52	rumer godden	A breath of air	0.0707	1950
uc1.$b242575	60	john fante	Dago red	0.0563	1940
mdp.39015005665032	11	ivy compton burnett	Mother and son	0.0683	1955
mdp.39015056315701	1	sharon solwitz	Bloody Mary : a novel	0.1024	2003
mdp.39015037464099	57	richard paul evans	Timepiece	0.0721	1996
uc1.32106018138799	70	todd d. brown	Entries from a hot pink notebook	0.0694	1995
mdp.39015028900523	63	john rechy	The miraculous day of Amalia Gómez : a novel	0.0594	1993
uc1.b4089213	67	john masters	Far, far the mountain peak, a novel	0.0531	1957
mdp.39015050154577	79	richard parry	That fateful lightning : a novel of Ulysses S. Grant	0.0646	2000
mdp.39015063300761	15	judy doenges	The most beautiful girl in the world : a novel	0.1395	2006
uc1.$b57130	4	letitia preston osborne	They change their skies	0.0541	1945
uc1.b4975764	36	peter benchley	Q clearance	0.077	1986
uc1.b3884189	74	howell raines	Whiskey man	0.0545	1977
uc1.$b396006	46	georges simenon	Black rain, a novel	0.0694	1947
mdp.39015049665824	16	jay cantor	The death of Che Guevara : a novel	0.086	1983
mdp.39015014859618	68	henry treece	The dark island; a novel	0.09699999999999999	1952
uc1.$b102432	10	sheila kaye smith	The happy tree	0.0927	1949
uc1.$b783891	46	james hanley	Stoker Bush	0.0535	1935
mdp.39015053525708	64	frank oneill	Roman circus : a novel	0.1246	1990
mdp.39015002758020	18	george santayana	The last Puritan, a memoir in the form of a novel	0.1247	1936
mdp.39015061139039	30	lauro martines	Loredana : a Venetian tale	0.06	2004
uc1.$b115459	6	jeffrey ashford	Counsel for the defense	0.115	1960
mdp.39015000613144	46	frank g slaughter	Flight from Natchez	0.0585	1955
uc1.b3727839	67	gladys schmitt	Rembrandt, a novel	0.0734	1961
mdp.39015045699959	40	laura mullen	A complicated situation : stories	0.1399	1998
uc1.b3406956	18	mildred lee	The rock and the willow	0.0732	1963
mdp.39015013942209	71	edith wharton	The reef	0.0358	1937
mdp.39015054458958	48	josephine lawrence	A tower of steel	0.0601	1943
mdp.39015046832427	7	david lodge	Out of the shelter	0.081	1970
pst.000065261590	60	angela carter	Burning your boats : the collected short stories	0.0639	1992
uc1.$b800646	31	james warner bellah	Irregular gentleman	0.0776	1948
wu.89099916637	13	john brick	The raid	0.1068	1951
mdp.39015039610400	24	edmund p murray	Kulubi	0.0786	1973
pst.000062627856	28	dyan sheldon	I conquer Britain	0.07400000000000001	2007
uc1.$b703664	66	gabrielle roy	Street of riches	0.0501	1957
mdp.39015030948338	27	geoff brown	My struggle	0.051	1975
uc1.32106005219636	64	donald e westlake	Kahawa	0.12300000000000001	1982
mdp.39015066296073	31	hortense calisher	On keeping women	0.0431	1977
mdp.39015062291573	38	ruby m ayres	The tree drops a leaf	0.0792	1939
uc1.b4084522	17	"elie wiesel
frances frenaye"	Dawn	0.0483	1961
inu.39000005878793	65	brenda hughes	New Guinea folk-tales	0.0564	1959
mdp.39015040135223	73	david gilbert	Remote feed	0.0735	1998
pst.000030639546	71	damon ed knight	A century of great short science fiction	0.0603	1962
mdp.39015042472095	66	jim grimsley	Comfort & joy : a novel	0.0616	1999
mdp.39015016451349	32	zdena berger	Tell me another morning, a novel	0.0808	1961
pst.000015644138	63	james carroll	Prince of peace	0.1729	1985
mdp.39015049628194	7	"daphne du maurier
daphne du maurier"	Don't look now	0.0507	1971
pst.000012284252	43	frederick forsyth	No comebacks : collected short stories	0.0791	1982
uc1.b4450141	57	ursula zilinsky	The long afternoon	0.075	1984
mdp.39015040747803	49	brad leithauser	The friends of Freeland : a novel	0.0893	1997
mdp.39015060874594	15	jodi angel	The history of Vegas : stories	0.0726	2005
mdp.39015046902329	33	patrick mccabe	Breakfast on Pluto	0.152	1998
mdp.39015042473200	58	"gabriel garcía márquez
gabriel garcia marquez"	In evil hour	0.0849	1979
uc1.$b120300	42	jean detre	A happy ending	0.043	1967
uc1.$b100792	52	jan de hartog	The little ark	0.063	1953
uc1.$b474910	52	arnold zweig	The axe of Wandsbek	0.0709	1947
mdp.39015000542384	55	william pearson	This company of men	0.0619	1963
uc1.32106005264780	24	raymond williams	The Volunteers	0.1519	1978
uc1.32106018939329	66	george hagen	Tom Bedlam : a novel	0.0648	2007
mdp.39015061752658	79	lee child	The enemy : a Jack Reacher novel	0.1561	2004
mdp.39015063759834	58	hubert skidmore	I will lift up mine eyes	0.042	1936
uc1.b4362879	31	lt nicholas monsarrat	H. M. corvette	0.1439	1942
mdp.39015015494993	3	frederic raphael	After the war	0.0802	1988
mdp.39015054020717	41	elizabeth daly	Evidence of things seen	0.0375	1943
mdp.39015040571245	60	mario benedetti	Blood pact & other stories	0.0552	1997
uc1.b3346827	26	alfred grossman	Marie beginning	0.0654	1964
mdp.49015000489246	79	henry barnard safford	MR. MADISON'S WAR	0.0719	1936
pst.000029698035	27	katherine anne porter	The leaning tower, and other stories	0.0571	1944
mdp.39015037758730	47	paul griner	Follow me	0.0907	1996
mdp.39015005017424	40	mildred haun	The hawk's done gone, and other stories	0.0688	1968
mdp.39015021526762	11	john barth	The floating opera and The end of the road	0.0711	1988
uc1.b3462229	70	frances gladstone	Anne's youth	0.1087	1984
mdp.39015029499574	44	clarence e mulford	Hopalong Cassidy takes cards	0.0848	1937
mdp.39015010350976	63	brian moore	Catholics : a novel	0.1214	1972
mdp.39015017694699	2	anthony burgess	Beard's Roman women : a novel	0.0429	1976
uc1.b3267297	47	craig rice	The wrong murder	0.0642	1940
inu.39000005797423	31	randall s peffer	Watermen	0.1748	1979
inu.30000116545959	26	kathleen delaney	And murder for dessert	0.0826	2007
uc1.$b451195	53	francine prose	The Glorious Ones	0.0731	1974
mdp.39015012867530	39	rosamond smith	Lives of the twins	0.1205	1987
uc1.b4355146	47	francis pollini	The crown	0.0521	1967
coo.31924078673278	24	cristina garcía	The Aguero sisters	0.1191	1997
mdp.39015047546562	31	george lamming	Natives of my person	0.0699	1971
mdp.39015040035621	42	anna quindlen	Black and blue : a novel	0.0546	1998
uc1.b4975670	47	peter farrelly	Outside Providence	0.1213	1988
mdp.39015053575299	27	georges simenon	The little saint	0.0485	1965
uc1.32106018746187	15	ray bradbury	Farewell summer	0.1289	2006
uc1.32106012436249	36	alice thomas ellis	Pillars of gold : a novel	0.1129	1992
mdp.39015030741071	51	george harmon coxe	The jade Venus	0.073	1945
pst.000012745180	53	mollie hardwick	The Duchess of Duke Street	0.0594	1976
uc1.$b86093	79	dean brelis	The mission	0.0623	1958
mdp.39015034009566	13	clyde edgerton	Redeye : a western	0.1554	1995
mdp.39015018331069	35	john weir	The irreversible decline of Eddie Socket : a novel	0.0619	1989
mdp.39015019786014	23	paul bowles	Up above the world : a novel	0.1231	1966
mdp.39015037828038	39	thomas thompson	Celebrity	0.0946	1982
uc1.32106005169971	43	lawrence block	Burglars can't be choosers	0.1029	1977
mdp.39015064884219	34	m. evelina galang	One tribe : a novel	0.0683	2006
mdp.39015028872961	26	julie baumgold	Creatures of habit : a novel	0.0721	1993
mdp.39015016450911	58	don berry	Moontrap, a novel	0.1008	1962
mdp.39015038016047	13	diane glancy	Pushing the bear : a novel of the Trail of Tears	0.109	1996
uc1.32106005237190	3	amos oz	Where the jackals howl, and other stories	0.0578	1981
uc1.b3209732	73	janet lewis	Against a darkening sky	0.0429	1943
uc1.32106011426183	3	achy obejas	Days of awe	0.1088	2001
mdp.39015020769652	72	manuchehr irani	King of the benighted	0.1229	1990
pst.000005341795	36	paula batchelor	If this be virtue	0.0454	1956
uc1.b4089209	67	lucille fletcher	The daughters of Jasper Clay	0.0693	1958
uc1.b3768570	77	"elie wiesel
marion wiesel"	The oath	0.1784	1973
uc1.b4099792	68	margaret campbell barnes	Mary of Carisbrooke	0.0918	1955
mdp.49015001010801	61	patrick white	The vivisector	0.1033	1970
uc1.b4439341	78	john ehle	The winter people	0.0577	1982
mdp.39015020741586	27	richard ford	The sportswriter	0.0727	1986
mdp.39015031223855	18	phyllis bentley	Freedom farewell! By Phyllis Bentley	0.0747	1936
mdp.39015015507893	74	j bernlef	Out of mind	0.0853	1988
uc1.$b104416	76	marie a muir	Dear Mrs. Boswell	0.06	1953
mdp.39015018510068	25	kelly cherry	My life and Dr. Joyce Brothers : a novel in stories	0.0595	1990
inu.32000001295536	32	leonard cohen	The favorite game, a novel	0.2759	1963
mdp.39015053407618	40	charlie boxer	The cloud of dust	0.0907	2000
mdp.39015019399610	3	lorrie moore	Like life : stories	0.0936	1990
uc1.b4421414	26	william brashler	Traders	0.1163	1989
uc1.b4975931	58	janet kauffman	Collaborators	0.1164	1986
mdp.39015047067874	25	diane glancy	Flutie : a novel	0.1321	1998
coo.31924105504561	19	nadine gordimer	The pickup	0.0494	2002
pst.000033009544	31	walter lord	A night to remember	0.0689	1955
mdp.39015025257653	40	larry levis	Black freckles	0.0722	1992
uc1.32106009584944	75	anne rice	The witching hour : a novel of the supernatural	0.1793	1990
mdp.39015030706074	31	john masefield	The bird of dawning; or, The fortune of the sea	0.1803	1933
mdp.39015064863791	60	bobbie ann mason	Nancy Culpepper : stories	0.0473	2006
mdp.39015008654223	33	rebecca west	The fountain overflows : a novel	0.045	1956
mdp.49015001304501	43	frances fyfield	Deep sleep	0.0574	1991
mdp.39015009037733	77	cyrus sulzberger	My brother death	0.1294	1961
uc1.$b106069	18	rose wilder lane	Free land	0.0782	1938
uc1.$b56382	42	e h clements	Perhaps a little danger	0.0502	1942
uc1.32106012999584	69	kw jeter	Blade Runner 2 : the edge of human	0.0443	1995
mdp.39015030946985	61	paul darcy boles	The limner	0.1322	1975
uc1.$b63881	18	frank waters	The dust within the rock	0.0354	1940
mdp.49015000679549	23	steve erickson	Rubicon Beach	0.0944	1986
mdp.39015028932146	24	lilian lee	The last princess of Manchuria	0.0601	1992
mdp.39015042553019	53	ted heller	Slab rat : a novel	0.0865	2000
mdp.39015002755174	26	thomas savage	Her side of it	0.0562	1981
uc1.32106006704339	64	gayle james hudson rivers	The five fingers	0.0936	1978
mdp.39015040370853	71	luis humberto crosthwaite	The moon will forever be a distant love	0.0594	1997
uc1.32106002164264	44	forrest carter	Gone to Texas	0.0783	1973
uc1.b3467241	13	ennio flaiano	The short cut	0.0709	1950
mdp.39015040991344	28	steve martini	The list	0.1019	1997
mdp.39015046831361	31	paul theroux	The Mosquito Coast : a novel	0.0804	1982
uc1.32106011785406	76	richard russo	Nobody's fool	0.0927	1993
uc1.b3727146	44	george byram	Tomorrow's hidden season	0.105	1964
mdp.39015029984559	34	mary grimm	Left to themselves	0.0588	1993
uc1.b4437982	26	andrew m greeley	Saint Valentine's night	0.0613	1989
mdp.39015013092948	57	robert hemenway	The girl who sang with the Beatles, and other stories	0.0712	1970
mdp.39015062627040	6	scott turow	Ordinary heroes	0.1046	2005
uc1.32106015190900	70	olaf olafsson	The journey home	0.0632	2000
uc1.32106018078771	44	william haywood henderson	Native	0.0442	1993
pst.000043980628	74	erik christian haugaard	The little fishes	0.0751	1967
mdp.39015063926722	52	booth tarkington	Little Orvie	0.0425	1934
uc1.b3688282	56	john hersey	Too far to walk	0.1026	1966
uc1.b3451736	68	elizabeth linington	The proud man; a novel	0.1579	1955
mdp.39015033065239	75	julia alvarez	In the time of the butterflies : a novel	0.1018	1994
mdp.39015041027270	47	don winslow	The death and life of Bobby Z : a novel	0.1649	1997
uc1.32106012449234	68	angeles mastretta	Mexican bolero	0.0916	1989
uc1.b3854664	9	roderick hig brown	The tall trees fall, a novel of Pacific coast loggers	0.073	1943
mdp.39015004274372	43	joyce carol oates	The triumph of the spider monkey : a first-person confession by the maniac Bobbie Gotteson	0.0686	1976
inu.30000116726351	79	janet paisley	White rose rebel	0.0642	2007
mdp.39015014138914	7	maude hutchins	The memoirs of Maisie	0.0903	1955
mdp.39015002578675	18	caroline gordon	The forest of the South	0.0982	1945
uc1.b4432474	66	sheila bosworth bell	Almost innocent	0.1015	1984
mdp.39015018650658	75	leonard dubkin	Enchanted streets	0.113	1947
uc1.32106013921157	7	richard beard	Damascus	0.0918	1998
uc1.32106009953248	4	makota oda	The bomb	0.1108	1990
mdp.39015034513369	22	diamela eltit	The fourth world	0.1011	1995
uc1.b4950762	16	christopher knowlton	The real world	0.1123	1984
uc1.32106001997680	38	lin yutang	The red peony	0.0684	1961
uc1.b4431356	12	tom lafarge	The crimson bears	0.0728	1993
mdp.39015056309266	51	norman spinrad	The Druid king	0.0852	2003
uc1.b3752464	3	blaise cendrars	The astonished man: a novel;	0.1132	1961
mdp.39015049525721	35	nancy-gay rotstein	Shattering glass	0.079	1996
mdp.39015018820715	37	jane leavy	Squeeze play	0.1085	1990
mdp.39015030701109	52	gerald kersh	The weak and the strong	0.0644	1946
mdp.39015031231130	18	warwick deeping	The woman at the door	0.0694	1937
uc1.$b396569	33	thom keyes	All night stand; a novel	0.0959	1966
uc1.b4451923	28	phillip quinn morris	Thirsty city	0.0924	1990
uc1.32106001763967	22	jean cocteau	The holy terrors. With illus. by the author, $n: translated by Rosamond Lehmann	0.0578	1957
wu.89086115003	60	will james	Will James' Book of cowboy stories	0.0712	1942
uc1.b3687781	69	irving fineman	Doctor Addams	0.0878	1939
mdp.39015003343822	18	john erksine	The brief hour of François Villon	0.0864	1937
mdp.39015061752666	46	marc bojanowski	The dog fighter	0.1044	2004
pst.000023759008	5	edward tripp	The new tuba	0.0932	1955
mdp.39015050766685	29	"manuel rivas
jonathan dunne"	The carpenter's pencil	0.1256	2001
mdp.49015002670124	56	dawn turner trice	Only twice I've wished for heaven : a novel	0.1443	1996
uc1.b4097786	61	joyce cary	Prisoner of grace	0.1362	1952
mdp.39015041748545	29	mario bencastro	The tree of life : stories of civil war	0.0488	1997
mdp.39015035011280	24	david leavitt	While England sleeps	0.0759	1993
mdp.39015009199327	21	george stewart	Earth abides	0.0745	1949
uc1.$b187	54	lucien bodard	The quicksand war; prelude to Vietnam	0.1088	1967
uc1.$b56631	18	john a ward hawkins	Devil on his trail	0.0591	1944
mdp.39015050511990	68	ferdinand mount	Fairness	0.0857	2001
mdp.39015041541205	28	e. lynn harris	If this world were mine : a novel	0.0703	1997
mdp.39015058869358	28	"janice kaplan
lynn schnurnberger"	The Botox diaries	0.0707	2004
mdp.39015037492538	2	david james duncan	River teeth : stories and writings	0.0827	1995
pst.000005632602	11	donald culross peattie	The bright lexicon	0.0765	1934
mdp.39015003346098	61	richard m elman	The 28th day of Elul	0.1426	1967
inu.39000003855652	34	robertson davies	High spirits	0.1032	1982
uc1.b3407777	65	honore morrow	Great captain; the Lincoln trilogy of Forever free, With malice toward none, The last full measure	0.0535	1935
pst.000029698981	18	elswyth thane	Ever after	0.105	1973
mdp.39015009118673	29	allan gurganus	The practical heart	0.1806	1993
mdp.39015033328629	39	don imus	God's other son : a novel	0.1014	1994
inu.30000096455823	12	joan slonczewski	A door into ocean	0.2477	1986
uc1.$b87101	24	allan chase	The five arrows	0.0504	1944
mdp.39015003687822	0	donald gordon	Star-Raker	0.1157	1962
mdp.39015003479519	13	william faulkner	Big woods	0.0978	1955
inu.30000104229996	53	fannie flagg	Welcome to the world, Baby Girl : a novel	0.0562	1998
mdp.39015030097573	19	ernst lothar	The angel with the trumpet	0.0545	1943
mdp.39015047112514	74	ruth l. ozeki	My year of meats	0.0906	1998
mdp.39076006608306	69	aldous huxley	Collected works	0.5481	1963
mdp.39015005893980	0	steven spielberg	Close encounters of the third kind : a novel	0.0574	1977
mdp.39015060769109	69	avodah k. offit	Virtual love	0.11	1994
mdp.39015020723113	9	ayi kwei armah	The beautiful ones are not yet born; a novel	0.073	1968
mdp.39015010551417	45	mark von doren	Tilda	0.0529	1943
mdp.39015005676781	57	bs johnson	Christie Malry's own double-entry	0.0669	1973
mdp.39015078809640	48	wendy holden	Beautiful people	0.0695	2009
uc1.$b146870	32	michael ramsbotham	The remains of a father: a novel	0.1543	1969
mdp.39015024989462	53	miguel barnet	Rachel's song : a novel	0.0743	1991
mdp.39015010831660	61	alix kates shulman	Memoirs of an ex-prom queen; a novel. -	0.0755	1972
uc1.$b105890	66	hilda wernher	My Indian son-in-law	0.0591	1949
mdp.39015021634640	9	margaret atwood	Wilderness tips	0.1162	1991
uc1.b4974873	68	marek halter	The book of Abraham	0.1509	1986
mdp.39015030224532	54	juliette benzoni	Marianne and the crown of fire	0.1172	1976
uc1.32106014759903	26	sara paretsky	Deadlock : a V.I. Warshawski mystery	0.0984	1984
mdp.39015029710145	75	roberto calasso	The marriage of Cadmus and Harmony	0.1138	1993
uc1.b4430745	53	janet burroway	Opening nights	0.0686	1985
uc1.b4433062	26	charles baxter clement	The fairy godmother	0.1056	1981
mdp.39015015336756	4	eric mccormack	The paradise motel	0.0838	1989
inu.30000111060913	22	james joyce	Ulysses	0.1658	1937
uc1.b3728005	68	david stacton	A dancer in darkness	0.1007	1960
mdp.49015001015586	69	elechi amadi	The great ponds	0.0956	1969
uc1.b4098638	75	emil e liers	An otter's story;	0.062	1953
pst.000025329711	75	diana darling	The painted alphabet :  a novel	0.0853	1992
mdp.39015014775228	74	terry pringle	A fine time to leave me : a novel	0.1346	1989
uc1.b3346998	14	john o'hara	Sermons and soda-water	0.1705	1960
mdp.39015066058788	13	r prawer jhabvala	Esmond in India; a novel	0.0768	1958
mdp.39015041294490	60	paul theroux	The collected stories	0.1478	1997
mdp.39015011330613	61	aubrey menen	Fonthill; a comedy	0.0563	1974
mdp.39015058149330	29	jim shepard	Love & hydrogen : new and selected stories	0.1144	2004
mdp.39015008639851	64	harry harrison	Tunnel through the deeps	0.0726	1972
uc1.b3687389	13	howard fast	The last frontier	0.0781	1942
uc1.32106010331129	9	gary krist	Bone by bone : stories	0.0792	1994
uc1.$b102745	18	herbert gorman	Brave general	0.0685	1942
mdp.39015016414438	8	sylvia martin	I, Madame Tussaud	0.0537	1957
mdp.39015009035182	73	carlo levi	Christ stopped at Eboli; the story of a year	0.0378	1947
mdp.39015008272927	78	ann fairbairn	Five smooth stones; a novel	0.1365	1966
uc1.$b799836	67	noel houston	The great promise : a novel	0.0524	1946
pst.000032671612	2	p g wodehouse	French leave	0.073	1974
mdp.39015055479169	43	tess gerritsen	The apprentice : a novel	0.1432	2002
mdp.39015037816736	38	kevin canty	Into the great wide open	0.0654	1996
uc1.32106010565411	28	terry mcmillan	Disappearing acts	0.0676	1989
uc1.b4450962	66	doric friend	Family laundry : a novel	0.0664	1986
wu.89006444186	73	"fumiko hayashi
lane dunlop"	Floating clouds	0.1971	1951
mdp.39015056848560	20	ira levin	Rosemary's baby	0.0425	1967
mdp.39015012910520	60	judy lopatin	Modern romances and other stories	0.0785	1986
mdp.39015014517711	30	evelyn waugh	The world of Evelyn Waugh	0.0595	1958
uc1.b3115634	26	dudley barker	This green and pleasant land	0.0609	1956
uc1.$b662215	3	ivo andric	The Pasha's concubine and other tales	0.0478	1968
uc1.32106015539965	48	rita mae brown	Loose lips	0.0911	1999
mdp.39015008543517	34	paul theroux	Girls at play	0.0699	1969
uc1.32106008073303	64	suzette haden elgin	Star-anchored, star-angered	0.0737	1979
mdp.39015016453394	52	hamilton basso	A touch of the dragon	0.0787	1964
uc1.$b86054	18	mary borden	You, the jury : a novel	0.0773	1952
uc1.b3455069	57	jose yglesias	An orderly life	0.0582	1968
uc1.$b102700	31	edmund gilligan	Voyage of the Golden Hind	0.1254	1945
mdp.39015024079116	75	leonard wibberley	The quest of Excalibur	0.0545	1959
uc1.$b298830	18	lucile grebenc	The time of change	0.0686	1938
uc1.32106013732109	16	diane schoemperlen	Forms of devotion	0.0883	1998
mdp.39015009064232	69	iris murdoch	The sacred and profane love machine	0.0478	1974
uc1.32106010569215	53	marge piercy	The high cost of living	0.062	1978
mdp.39015073632369	41	sean costello	Here after	0.0852	2008
uc1.b4382462	63	donald braider	Color from a light within : a novel based on the life of El Greco	0.0574	1967
mdp.39015013965044	18	norah lofts	Winter harvest, a novel	0.0654	1955
mdp.39015010310608	66	toyoko yamasaki	Bonchi : a novel	0.0788	1982
mdp.39015041994487	8	anne rice	Vittorio, the vampire : new tales of the vampires	0.0912	1999
mdp.39015043042442	2	thomas m. disch	The sub : a study in witchcraft	0.0563	1999
uc1.b4929451	63	isaac bashevis singer	The penitent	0.1379	1983
mdp.39015003350090	36	garrett epps	The shad treatment : a novel	0.1332	1977
mdp.39015041008585	21	ben bova	Moonrise	0.1089	1996
mdp.39015053484690	68	vicki baum	A tale from Bali	0.0768	1960
mdp.39015069332685	19	jeremy page	Salt	0.0993	2007
uc1.$b299824	62	j bigelow clark	The dreamers	0.0582	1945
inu.30000045664186	4	robert dessaix	Night letters : a journey through Switzerland and Italy	0.0726	1996
inu.30000094706201	49	veronica chambers	When did you stop loving me? : a novel	0.0602	2004
mdp.39015054090678	0	max barry	Jennifer Government : a novel	0.0693	2003
uc1.b4951543	39	edward stewart	The great Los Angeles fire	0.1157	1980
uc1.b3754955	11	julien gracq	A dark stranger	0.0895	1950
uc1.b3462830	2	charles portis	True grit; a novel	0.1165	1968
mdp.39015015139770	51	ann beattie	Picturing Will	0.0493	1989
mdp.39015070749976	42	roland merullo	Breakfast with Buddha : a novel	0.1095	2007
mdp.39015022236049	64	patricia finney	Firedrake's eye	0.1168	1992
mdp.39015058785299	0	arthur hailey	Airport	0.1272	1968
mdp.39015018623226	50	bernard maclaverty	Cal	0.0836	1983
uc1.32106017660033	47	neil connelly	Buddy Cooper finds a way	0.1012	2004
mdp.39015049845632	41	harry stephen keeler	The riddle of the traveling skull	0.0532	1934
mdp.39015040371364	73	hwee hwee tan	Foreign bodies	0.064	1997
uc1.b4095349	5	fred hoyle	October the first is too late	0.0557	1966
mdp.39015055603024	69	frank g slaughter	Doctors' wives	0.1044	1967
mdp.39015024090832	13	mari sandoz	The horsecatcher	0.0992	1957
mdp.39015024774641	45	elizabeth harris	The ant generator	0.0643	1991
uc1.$b103966	73	josephine pinckney	Splendid in ashes, a novel	0.0665	1957
mdp.39015063891116	41	clifford knight	The affair of the scarlet crab	0.0684	1937
mdp.39015048732427	53	mazo de la roche	Whiteoak harvest	0.078	1945
mdp.39015058239651	34	don mitchell	The nature notebooks : a novel	0.0449	2004
mdp.39015034245954	60	ursula k. le guin	A fisherman of the inland sea : science fiction stories	0.0937	1994
inu.32000005554482	18	juliet bredon	Hundred altars	0.0592	1936
mdp.39015046419035	55	ken follett	Eye of the needle : a novel	0.1309	1978
mdp.39015059404189	18	alan hart	In the lives of men	0.0998	1937
mdp.39015031305223	45	monica stirling	Sigh for a strange land	0.0934	1959
uc1.b3866262	42	norah lofts	Saving face and other stories	0.0677	1983
uc1.32106002144837	60	irwin shaw	Sailor off the Bremen, and other stories	0.0488	1939
mdp.39015039060846	25	david malouf	The conversations at Curlow Creek	0.1518	1996
mdp.49015000690231	47	larry heinemann	Close quarters	0.266	1977
pst.000029703944	63	j f powers	The presence of Grace	0.0734	1956
pst.000032254020	75	richard adams	The plague dogs	0.0678	1977
mdp.39015000585540	43	sebastien japrisot	One deadly summer	0.0904	1980
mdp.39015030352200	63	zoe oldenbourg	The cornerstone;	0.0854	1955
mdp.39015001814147	32	william judson	Cold river : a novel	0.0624	1974
uc1.32106002019773	20	sax rohmer	The trial of Fu Manchu	0.0339	1934
mdp.39015011290742	29	"luisa valenzuela
andrea g labinger"	Clara : thirteen short stories and a novel	0.0531	1976
wu.89087889812	51	david alman	The well of compassion	0.0622	1948
mdp.49015002997865	13	james a. michener	Centennial	0.1512	1974
mdp.39015061190032	70	clare sambrook	Hide & seek	0.0953	2005
mdp.39015049544300	2	larry mcmurtry	Boone's Lick : a novel	0.035	2000
mdp.39015063339645	29	"per olov enquist
tiina nunnally"	The book about Blanche and Marie	0.1496	2006
mdp.39015038025527	48	tina mcelroy ansa	The hand I fan with	0.0714	1996
mdp.39015055181559	17	lenore mccomas coberly	The handywoman stories	0.0834	2002
inu.39000003404220	75	seamus cullen	Astra and Flondrix	0.0893	1976
mdp.39015066698203	53	michael blakemore	Next season; a novel	0.0773	1968
mdp.39015063964079	18	frank waters	The wild earth's nobility	0.038	1935
uc1.$b104327	24	kenneth fearing	Clark Gifford's body	0.0778	1942
umn.319510008906996	58	paul brown	Crazy Quilt: circus pony	0.0391	1934
uc1.b4439310	47	charles durden	No bugles, no drums	0.1303	1976
inu.30000026313316	36	susan crosland	Dangerous games	0.1644	1991
uc1.32106018531407	48	kuwana haulsey	The red moon : a novel	0.0685	2001
mdp.39015032453253	7	deirdre mcnamer	One sweet quarrel : a novel	0.0763	1994
uc1.32106010262902	58	marlen haushofer	The wall	0.0631	1970
uc1.b3884191	21	frederik pohl	Man plus	0.0856	1976
uc1.32106010531025	54	thomas tryon	In the fire of spring	0.0738	1992
mdp.39015043798431	20	toni morrison	Sula	0.0615	1973
mdp.49015001021188	60	james thurber	The Thurber carnival, written and illustrated by James Thurber	0.1028	1945
yul.11854183_000_00	18	w somerset maugham	The mixture as before	0.1139	1940
mdp.39015030848868	35	paul balley	At the Jerusalem	0.1165	1967
mdp.39015080898599	41	nicola upson	Angel with two faces	0.11599999999999999	2009
mdp.39015037350983	42	kate phillips	White rabbit	0.0927	1996
mdp.39015066843908	28	claire messud	The emperor's children	0.0828	2006
osu.32435053364352	12	murray leinster	Space tug	0.0945	1953
mdp.39015008461330	36	jean raspail	The camp of the saints	0.1123	1975
pst.000007265761	59	"laura ingalls wilder
stephen w. hines"	Little house in the big woods	0.08800000000000001	1957
mdp.39015055087681	27	jude deveraux	The mulberry tree	0.0928	2002
uc1.b3117344	63	leslie garrett	The beasts	0.0584	1966
uc1.$b114028	53	thomas wiseman	Czar	0.0798	1965
mdp.39015024565957	3	yoram kaniuk	The story of Aunt Shlomzion the great	0.0619	1978
uc1.$b404065	74	evan hunter	A horse's head; a novel	0.0819	1967
mdp.39015060008938	29	"lars saabye christensen
kenneth steven"	The half brother	0.1163	2003
mdp.39015078791053	29	amit chaudhuri	The immortals	0.1435	2009
uc1.32106002151998	30	gore vidal	Myron; a novel	0.057	1974
mdp.39015056277596	68	matthew pearl	The Dante Club : a novel	0.1063	2003
mdp.39015008390018	39	alison lurie	Foreign affairs	0.1345	1984
mdp.39015050306474	1	sands hall	Catching heaven : a novel	0.1049	2000
inu.30000007200805	27	michel butor	Passing time & A change of heart; two novels	0.0909	1969
mdp.39015032606835	69	doris betts	Souls raised from the dead : a novel	0.0718	1994
mdp.39015062883080	50	chris cleave	Incendiary	0.0504	2005
mdp.39015027337958	79	john doe passos	Tour of duty	0.1015	1946
mdp.39015015344974	47	george cain	Blueschild baby	0.1194	1970
mdp.39015039811552	4	nancy wilson ross	The left hand is the dreamer	0.1022	1947
mdp.39015049973830	53	beverly bloomberg	The last Hollywood romance : a novel	0.1158	2000
mdp.39015008428149	56	frederick barthelme	Moon deluxe : stories	0.0912	1983
mdp.39015019061426	25	earl lovelace	A brief conversation & other stories	0.0492	1988
mdp.39015030846524	69	millen brand	The outward room	0.0871	1937
mdp.49015001350082	65	barbara g. walker	Amazon : a novel	0.0622	1992
uc1.b3463616	61	iris murdoch	The flight from the enchanter	0.0743	1956
mdp.39015010563446	22	marcel pagnol	The time of secrets	0.1091	1962
uc1.$b105677	38	evelyn anthony	Victoria and Albert; a novel	0.0823	1958
osu.32435011665510	6	erle stanley gardner	The case of the long-legged models	0.0604	1958
uc1.$b105366	32	jesse stuart	Tales from the Plum Grove hills	0.0809	1946
mdp.39015060399774	30	"melissa p.
lawrence  venuti"	100 strokes of the brush before bed	0.0955	2004
mdp.39015024649280	59	ellen douglas	A lifetime burning	0.0424	1982
uc1.b3116810	43	ethel lins white	She faded into air	0.0819	1941
mdp.39015064705000	64	lee child	The hard way : a Jack Reacher novel	0.0894	2006
uc1.32106002026232	61	angela carter	Several perceptions; a novel	0.0802	1968
uc1.b4381185	33	nelson algren	The last carousel. -	0.07400000000000001	1973
mdp.39015003680470	36	paul gallico	Trial by terror	0.0884	1952
mdp.39015058738900	34	joanne harris	Jigs & Reels	0.0591	2004
mdp.39015021636926	75	angela davis gardner	Forms of shelter	0.0821	1991
mdp.39015049548475	25	andré brink	The rights of desire	0.0813	2000
mdp.39015050313538	68	edward rutherfurd	The forest : a novel	0.1108	2000
uc1.32106015919639	32	dawn powell	A time to be born	0.0613	1942
mdp.39015034383466	27	john herman	The weight of love	0.0831	1995
mdp.39015032494521	10	sebastiano vassalli	The chimera	0.0751	1993
uc1.$b106075	79	bruce lancaster	Guns of Burgoyne	0.0788	1939
uc1.b4354481	34	hayes ed jacobs	New voices, '64	0.0462	1964
mdp.39015062629418	35	michael lavigne	Not me : a novel	0.0509	2005
inu.30000027299324	41	wj burley	Wycliffe and the cycle of death	0.1448	1990
mdp.39015060398388	37	george shaffner	In the land of second chances : a novel	0.0672	2004
uc1.32106010535273	24	lauretta ngcobo	And they didn't die : a novel	0.1388	1991
uc1.b4287316	51	david lipsky	The art fair	0.0834	1996
mdp.39015031311700	62	margery sharp	The nutmeg tree	0.0603	1937
mdp.39015055894474	28	"michel houellebecq
frank wynne"	Platform	0.1515	1999
mdp.39015025218820	2	jill eisenstadt	Kiss out	0.0495	1991
uc1.b3687813	57	peter de vries	Through the fields of clover	0.0509	1961
uc1.b3727843	32	mark schorer	The wars of love : a novel	0.0961	1954
wu.89012679007	75	hans bemmann	The stone and the flute	0.1679	1986
mdp.39015037329243	58	michael martone	Seeing eye : stories	0.055999999999999994	1995
pst.000012857593	53	lawrence sanders	The Marlow chronicles	0.1643	1979
uc1.$b63894	66	barbara webster	Shadows on the valley	0.0875	1940
uc1.32106012287196	12	wil mccarthy	Bloom	0.2665	1999
mdp.39015016437850	75	bryan macmahon	Jack O'Moora and the King of Ireland's son;	0.1134	1950
uc1.b4097821	13	amelia bean	The Fancher train	0.0974	1958
mdp.39015038166594	21	philip k. dick	Do androids dream of electric sheep?	0.0753	1968
mdp.39015018021496	42	august derleth	Countryman's journal	0.040999999999999995	1963
osu.32435069142834	76	marjorie lee	The lion house	0.0887	1959
inu.30000116089214	5	"prince
dan piepenbring"	The beautiful ones also cry	0.0537	2006
uc1.$b105639	52	howard spring	Fame is the spur	0.1452	1940
uc1.b4463179	66	kathryn kramer	A handbook for visitors from outer space : a novel	0.0836	1984
inu.30000120831734	56	rose ayers	The street sparrows	0.0699	1978
mdp.49015002776970	43	minette walters	The echo	0.0527	1997
mdp.39015005350247	72	walter macken	The scorching wind	0.2077	1964
uc1.$b558685	31	eric swenson	The South Sea shilling; voyages of Captain Cook, R.N	0.1053	1952
mdp.39015025010243	25	robert mccrum	Mainland	0.0573	1991
mdp.39015058013015	78	paule marshall	Soul clap hands and sing	0.1094	1961
mdp.39015005356285	12	jack williamson	The humanoids	0.1161	1949
uc1.b3687418	6	morley callaghan	The many colored coat	0.0665	1960
mdp.39015005653566	52	patrick white	Happy valley; a novel	0.0775	1940
mdp.39015050731820	4	radhika jha	Smell	0.0627	1999
uc1.32106010053798	71	yury trifonov	The long goodbye : three novellas	0.0959	1978
uc1.b4885332	3	erich maria remarque	Flotsam	0.0799	1941
mdp.39015037325266	22	christopher sorrentino	Sound on sound : a novel	0.0928	1995
mdp.39015056485876	50	robert holdstock	Mythago wood	0.0743	1984
uc1.32106006737438	16	nicholas proffitt	Gardens of stone : a novel	0.0761	1983
uc1.32106007897629	50	gillian roberts	Caught dead in Philadelphia	0.0566	1987
pst.000025155334	34	amelia elizabeth walden	How bright the dawn	0.0924	1962
mdp.39015048860905	15	elizabeth gilbert	Stern men	0.069	2000
uc1.b3810942	13	stuart cloete	The mask	0.1224	1957
mdp.39015019834814	63	tr pearson	Gospel hour	0.1249	1991
mdp.39015029556605	17	gerald shapiro	From hunger : stories	0.0481	1993
uc1.32106019577367	39	esther freud	Love Falls	0.043	2007
uc1.$b86240	70	hollis alpert	The summer lovers	0.069	1958
uc1.32106011668545	46	su tong	Rice	0.0515	1995
uc1.32106014453077	60	colin dexter	Morse's greatest mystery, and other stories	0.1241	1976
mdp.39015066704837	13	francois clement	The disobedient son	0.0906	1956
mdp.39015053525013	64	philippe van rjndt	Last message to Berlin : a novel	0.2489	1984
mdp.39015054095792	3	paule marshall	Brown girl, brownstones	0.0592	1959
uc1.32106006936592	46	victor milan	The cybernetic samurai	0.0938	1985
mdp.39015046344514	31	clive cussler	Raise the Titanic]	0.1236	1976
mdp.39015048769585	12	daniel quinn	Beyond civilization : humanity's next great adventure	0.0943	1999
mdp.39015054153005	48	elizabeth inness-brown	Burning Marguerite	0.1095	2002
uc1.b3116569	13	robert standish	Elephant walk, a novel	0.0823	1949
uc1.32106007964650	39	"patricia highsmith
gary fisketjon"	Found in the street	0.1458	1986
mdp.39015003675421	68	ford madox ford	The fifth queen. Privy seal. The fifth queen crowned	0.0997	1939
uc1.b4357759	68	chet raymo	In the falcon's claw : a novel of the year 1000	0.10400000000000001	1990
mdp.39015042994106	39	faye kellerman	Jupiter's bones : a novel	0.0548	1999
mdp.39015018601289	69	stanislaw lem	Hospital of the Transfiguration	0.1735	1988
mdp.39015048828332	44	jane smiley	Horse heaven	0.0804	2000
pst.000032352818	18	henry morton robinson	The cardinal	0.1347	1950
uc1.b4462496	57	rebecca kavaler	Doubting castle	0.1222	1984
uc1.32106017065423	21	ronald wright	A scientific romance	0.0624	1997
mdp.39015056670600	11	valerie miner	Blood sisters : an examination of conscience	0.0636	1982
inu.30000009109889	42	georges simenon	Uncle Charles	0.1116	1988
uc1.b4582859	79	ric hardman	Fifteen flags	0.0663	1968
mdp.39015008165196	20	elie wiesel	A beggar in Jerusalem, a novel	0.1093	1970
uc1.b3821025	13	colin simpson	Adam in ochre;	0.1491	1951
uc1.$b63984	63	jean woodman	Glory spent	0.0855	1940
mdp.39015055869773	60	sam shepard	Great dream of heaven : stories	0.0839	2002
mdp.39015017941108	35	carlos fuentes	Constancia and other stories for virgins	0.0508	1990
mdp.39015059250996	6	richard north patterson	Conviction : a novel	0.1691	2005
mdp.39015028872052	66	luanne rice	Blue moon	0.0707	1993
mdp.39015022226339	24	christina stead	I'm dying laughing : the humourist	0.0709	1983
mdp.39015049737169	49	fanny howe	Indivisible	0.0577	2000
mdp.39015016453154	46	paul bartlett	When the owl cries	0.06	1960
mdp.39015008616313	3	isaac bashevis singer	The séance and other stories	0.0721	1968
mdp.39015038153964	72	belle yang	The odyssey of a Manchurian	0.054000000000000006	1996
uc1.32106010942750	23	haruki murakami	The elephant vanishes	0.0503	1993
mdp.39015014858230	61	john sykes	The colonial	0.1139	1962
uc1.b4495366	0	c e poverman	Susan	0.0661	1977
wu.89099916058	67	louise braden	Day of escape	0.055	1937
uc1.b4432458	47	norman bogner	California dreamers : a novel	0.0795	1981
uc1.b3147157	38	herve bazin	A tribe of women	0.0598	1958
mdp.39015066688048	40	john o'hara	Good Samaritan, and other stories	0.0496	1970
uc1.b4498160	23	maurice sandoz	Fantastic memories;	0.0706	1944
mdp.39015024079447	23	clifford d simak	The goblin reservation	0.0766	1968
osu.32435055407365	17	erle stanley gardner	The case of the crooked candle	0.0621	1951
mdp.39015046831874	37	alistair maclean	River of death	0.0498	1981
mdp.39015047721363	29	"chava rosenfarb
chava rosenfarb"	Of Lodz and love	0.0445	2000
mdp.39015066178404	43	valerie wilson wesley	When death comes stealing	0.068	1994
inu.39000004120742	66	joan chase	During the reign of the Queen of Persia : a novel	0.08800000000000001	1983
uc1.b5116142	31	geoffrey moorhouse	The boat and the town	0.1579	1979
mdp.39015037060616	58	george mackay brown	Greenvoe, a novel	0.0541	1972
mdp.39015058799928	63	robert r mccammon	Mystery walk	0.1353	1983
uc1.32106011766281	60	robert boswell	Living to be a hundred : stories	0.0708	1994
uc1.b3885932	45	kingsley amis	That Uncertain feeling	0.0585	1955
mdp.39015000146798	12	ursula k. le guin	The wind's twelve quarters : short stories	0.0728	1975
mdp.39015069362542	29	joyce carol oates	The gravedigger's daughter : a novel	0.109	2007
inu.30000110544305	60	neil smith	Bang crunch : stories	0.0908	2007
mdp.39015043049942	51	stacey richter	My date with Satan : stories	0.0926	1999
mdp.39015014752326	68	paul l maier	The flames of Rome : a documentary novel	0.1731	1981
mdp.39015060017921	53	william brandt	The book of the film of the story of my life	0.1248	2003
mdp.49015002224781	43	bartholomew gill	The death of an ardent bibliophile : a Peter McGarr mystery	0.0452	1995
mdp.39015031221586	64	linda cline	The miracle season	0.0479	1976
mdp.39015011595405	19	julia markus	Friends along the way	0.1023	1985
uc1.$b87209	18	guido dagostini	Olives on the apple tree, a novel	0.1266	1940
mdp.39015060008847	68	jane stevenson	The Empress of the last days	0.081	2003
mdp.39015050547168	42	edie meidav	The far field : a novel of Ceylon	0.09699999999999999	2001
mdp.39015012193598	24	bean ocasey	Drums under the windows	0.0672	1945
mdp.39015005180032	79	heinrich boll	Children are civilians too	0.0696	1970
mdp.39015068829277	13	alexis wright	Carpentaria	0.0752	2006
mdp.39015055088804	70	jessica francis kane	Bending heaven : stories	0.0863	2002
uc1.$b74564	73	ruth feiner	Cat across the path	0.0949	1935
uc1.$b120370	68	donald braider	Rage in silence; a novel based on the life of Goya	0.0944	1969
uc1.32106016252063	56	miguel durán	Don't spit on my corner	0.11599999999999999	1992
uc1.$b106304	32	kate obrien	The flower of May	0.1775	1953
mdp.39015047534782	13	barbara gowdy	The white bone	0.1485	1998
inu.30000118997943	61	nina bawden	The birds on the trees	0.1585	1970
mdp.39015003930305	51	carolyn glyn	Love and joy in the Mabillon	0.1303	1965
uc1.32106017725026	75	chris bohjalian	Before you know kindness : a novel	0.0589	2004
mdp.39015002375593	46	liam oflaherty	The martyr	0.0714	1933
uc1.b4097799	63	joyce cary	Aissa saved	0.07200000000000001	1949
mdp.39015062433100	41	john connolly	Every dead thing	0.0848	1999
mdp.39015054453868	70	joy passanante	My mother's lovers	0.0859	2002
mdp.39015078790162	29	marcel theroux	Far north	0.1083	2009
mdp.39015046463942	55	david lodge	Thinks : a novel	0.0733	2001
mdp.39015012279025	20	george lamming	Water with berries	0.0556	1971
mdp.39015002718461	68	kenneth roberts	Lydia Bailey	0.1221	1947
uc1.b3629544	40	patrick grainville	The cave of heaven	0.0709	1990
mdp.39015005138071	10	vilhelm moberg	The emigrants, a novel:	0.066	1951
uc1.b3710691	30	arthur kober	My dear Bella	0.0359	1941
mdp.39015014858545	20	janice warnke	A pursuit of furies	0.0972	1966
mdp.39015034329154	68	rosemary simpson	The seven hills of paradise	0.1342	1980
uc1.$b56222	52	jim phelan	Banshee harvest, a novel by Jim Phelan	0.1007	1945
mdp.39015046356500	29	miguel angel asturias	Men of maize	0.0553	1975
uc1.$b104478	57	e h young	Chatterton Square	0.0557	1947
mdp.39015070756831	5	jim shepard	Like you'd understand, anyway : stories	0.0527	2007
mdp.39015000541105	50	martin page	The Pilate plot	0.0706	1978
uc1.$b232540	41	frances crane	The yellow violet	0.0715	1942
uc1.$b104487	52	francis brett young	This little world	0.1201	1934
mdp.39015005889939	30	barry hannah	Ray	0.0789	1980
mdp.39015020692649	44	larry mcmurtry	Horseman, pass by	0.1116	1979
mdp.39015025159818	74	anna quindlen	Object lessons	0.0574	1991
mdp.39015033121180	58	daniel lyons	The last good man	0.0856	1993
uc1.b4098189	10	carol ryrie brink	Caddie Woodlawn	0.0297	1935
mdp.39015005479053	34	calder willingham	The big nickel	0.0484	1975
mdp.39015024076476	24	derek lambert	The kites of war	0.0449	1969
uc1.$b102611	32	henry e giles	Harbin's Ridge	0.0837	1951
inu.32000011054337	5	jeannette covert nolan	The victory drum;	0.0573	1953
mdp.39015037305508	41	robert k. tanenbaum	Corruption of blood	0.1063	1995
mdp.39015053104199	6	michael malone	First Lady : a novel	0.0881	2001
uc1.b3342823	66	thelma jones	Skinny angel	0.0655	1946
uc1.$b783862	46	gerald hanley	Without love	0.0673	1957
uc1.b4381833	64	john godey	Fatal beauty	0.2488	1984
mdp.39015049687810	71	"luigi pirandello
martha king
mary ann frese witt"	Her husband	0.0736	1936
uc1.$b86258	42	reginald arkell	Old Herbaceous	0.2199	1951
inu.30000005092410	60	isaac asimov	I, Robot	0.0389	1950
mdp.39015002647447	18	erich maria remarque	Three comrades	0.0691	1937
mdp.49015001445007	57	edith wharton	The buccaneers : a novel	0.075	1937
uc1.32106014218637	3	a.b. yehoshua	A journey to the end of the millennium	0.0975	1999
uc1.32106016822501	40	"langston hughes
arnold rampersad
david roessel"	The collected works of Langston Hughes	0.5207	1967
mdp.39015008973961	46	guy vanderhaeghe	Man descending : selected stories	0.0585	1982
mdp.39015047107332	12	kim stanley robinson	Antarctica	0.1151	1998
uc1.$b473613	59	erika mann	The lights go down	0.0655	1940
mdp.39015034382153	72	grazia deledda	After the divorce	0.0803	1936
uc1.32106015452482	2	richard brautigan	Willard and his bowling trophies : a perverse mystery	0.0715	1975
mdp.39015011882563	66	albert wendt	Leaves of the banyan tree	0.0531	1979
mdp.39015019358301	18	mackinlay kantor	The romance of Rosy Ridge	0.0809	1937
mdp.39015050022824	69	susan o’neill	Don't mean nothing : short stories of Vietnam	0.1109	2001
uc1.b4439634	23	charles haldeman	The snowman, a novel	0.0941	1965
mdp.39015008151683	39	james webb	A country such as this	0.1184	1983
mdp.39015016440656	7	bill gunn	All the rest have died	0.0467	1964
mdp.39015037390245	0	jack olsen	Aphrodite: desperate mission	0.0728	1970
mdp.39015050121337	64	jeanne ray	Julie and Romeo : a novel	0.0594	2000
mdp.39015043116188	78	danzy senna	Caucasia	0.1739	1998
mdp.39015047507655	17	blossom elfman	The sister act	0.0906	1978
uc1.b4084799	52	allan seager	Equinox, a novel	0.0752	1943
pst.000043497164	70	joanna trollope	Other people's children	0.17	1999
mdp.39015059435977	19	darwin teilhet	The road to glory	0.0465	1956
uc1.b3687798	58	berry fleming	The fortune tellers	0.0913	1951
mdp.39015056439493	74	john blair	American standard	0.0577	2002
mdp.39015004930783	32	glenway wescott	The pilgrim hawk, a love story	0.0688	1940
uc1.b4951680	66	mavis gallant	Home truths : sixteen stories	0.0586	1981
uc1.32106018560117	40	"vénus khoury-ghata
marilyn hacker"	A house at the edge of tears	0.09699999999999999	2005
mdp.39015064950507	64	ridley pearson	Killer weekend	0.1062	2007
uc1.b4101833	47	ruth latrobe carroll	Tough Enough	0.0819	1954
mdp.39015024784889	36	james welch	The Indian lawyer	0.0772	1990
mdp.39015010828245	75	alice hoffman	Fortune's daughter	0.0515	1985
inu.30000026022446	2	woody allen	Side effects	0.09699999999999999	1980
mdp.39015010303124	26	august derleth	Bright journey	0.0637	1940
mdp.39015003681270	20	john gardner	Nickel mountain; a pastoral novel	0.0525	1973
uc1.b4451934	58	howard frank mosher	Marie Blythe : a novel	0.1128	1983
mdp.39015053037712	7	joseph hansen	Job's year	0.0943	1983
uc1.$b104404	15	frederic morton	Asphalt and desire	0.0579	1952
mdp.39015035730640	77	george orwell	Animal farm	0.1801	1946
mdp.39015018393572	41	leslie ford	The simple way of poison	0.0404	1937
inu.30000094771056	8	anne rice	The vampire Lestat	0.1433	1985
mdp.39015037338376	47	tami hoag	Guilty as sin	0.0957	1996
uc1.32106009933943	25	amos oz	To know a woman	0.0443	1989
pst.000005347124	24	victor canning	The Limbo line	0.0375	1963
mdp.39015024009998	72	martha albrand	After midnight	0.0602	1948
uc1.32106017293082	28	john mcnally	The book of Ralph : a fiction	0.0729	2004
mdp.39015021864684	57	hugh leonard	Parnell and the Englishwoman	0.1289	1991
uc1.$b119732	12	john collier	Full circle, a tale	0.0927	1933
uc1.$b117186	34	emily kimbrough	Through Charley's door	0.0651	1952
mdp.39015018601743	21	theodore sturgeon	A touch of strange	0.09	1958
mdp.39015055574845	79	alan furst	The Polish officer : a novel	0.0964	1995
uc1.b4451802	57	mignon eberhart	Two little rich girls	0.0585	1971
mdp.39015000057185	24	yuan tsung chen	The dragon's village	0.1516	1980
mdp.39015064867867	29	irvine welsh	The bedroom secrets of the master chefs	0.1278	2006
mdp.39015053482041	29	jim crace	The devil's larder	0.0946	2001
mdp.39015030716503	52	elizabeth sprigge	The old man dies	0.1296	1933
uc1.$b102652	63	susan glaspell	Norma Ashe, a novel	0.07	1942
uc1.32106008273887	72	marjorie oludhe macgoye	The present moment	0.0711	1987
mdp.49015000670720	79	philip caputo	Horn of Africa : a novel	0.0806	1980
mdp.39015016446885	61	robin cook	Private parts in public places	0.0771	1969
uc1.b4369398	61	richard stookey	A still and woven blue	0.0716	1974
uc1.b4451946	15	dennis murphy	The sergeant	0.0724	1958
mdp.39015030718905	48	lael tucker wertenbaker	The eye on the lion : a novel based on the life of Mata Hari	0.0463	1964
mdp.39015049769923	24	alexander saxton	The Great Midland	0.0962	1948
inu.32000013324845	3	georges spunt	A place in time	0.1402	1968
mdp.39015012294701	50	lee dunne	Goodbye to the hill	0.0491	1965
mdp.39015031239281	13	hammond innes	The big footprints	0.1339	1977
mdp.39015014516457	16	mary robison	Believe them : stories	0.0608	1988
mdp.39015003676296	64	peter fleming	The sixth column; a singular tale of our times	0.0765	1951
mdp.39015031234423	72	curry holden	Hill of the rooster	0.0484	1956
inu.39000003315384	49	woody guthrie	Bound for glory	0.0624	1943
mdp.39015010932617	78	hal bennett	Seventh heaven	0.0566	1976
mdp.39015014135811	52	willard motley	We fished all night	0.0664	1951
mdp.49015001025403	2	nathanael west	The day of the locust	0.0696	1939
mdp.39015014150885	5	robertson davies	The lyre of Orpheus : a novel	0.0871	1988
mdp.39015041543078	53	peter delacorte	Time on my hands : a novel	0.1096	1997
mdp.39015024944731	16	manuel puig	Tropical night falling	0.0977	1991
inu.30000047837301	71	"jean gibran
kahlil g. gibran"	The Kahlil Gibran reader : inspirational writings	0.135	1931
mdp.39015014717816	79	mladin zarubion	The year of the rat; a chronicle	0.0753	1964
mdp.39015034335219	52	sherwood anderson	Kit Brandon; a portrait	0.0804	1936
mdp.39015032081492	31	frank crisp	The Manila menfish	0.1133	1950
mdp.39015018903685	42	brian kiteley	Still life with insects	0.0802	1989
uc1.b4351540	78	c eric lincoln	The Avenue, Clayton City	0.0929	1988
uc1.32106002165204	33	richard condon	Bandicoot	0.0814	1978
umn.31951002076032c	58	charley robertson	Send for Miss Cora	0.0606	1948
uc1.$b105323	79	shevawn lynam	The spirit and the clay	0.0672	1954
mdp.39015046463629	67	george r.r. martin	A clash of kings	0.1077	1999
inu.30000082011382	9	dana johnson	Break any woman down : and other stories	0.0896	2002
mdp.39015046832229	52	rumer godden	Kingfishers catch fire, a novel	0.0915	1953
uc1.32106010465133	30	christopher coe	Such times	0.0924	1993
mdp.39076002642457	28	catherine woolley	Holiday on wheels	0.1404	1953
uc1.32106017130243	7	anita brookner	The rules of engagement : a novel	0.1007	2003
mdp.39015054402808	29	philip hensher	The Mulberry Empire : or the two virtuous journeys of the Amir Dost Mohammed Khan	0.1744	2002
mdp.39015014854262	18	mildred walker	The curlew's cry	0.0778	1955
wu.89081860173	31	eric williams	The wooden horse	0.0905	1949
uc1.32106013071342	6	jenefer shute	Sex crimes	0.075	1996
osu.32435067912196	49	faith baldwin	You can't escape	0.038	1943
mdp.39015078769943	6	natasha cooper	A poisoned mind	0.1228	2008
mdp.39015017436810	23	margaret mcmullan	When Warhol was still alive : a novel	0.0685	1994
mdp.39015055842317	13	iqbal pittalwala	Dear Paramount Pictures : stories	0.0526	2002
mdp.39015078807636	3	chimamanda ngozi adichie	The thing around your neck	0.071	2009
mdp.39015034511975	23	steve katz	Swanny's ways	0.0601	1995
mdp.39015066666069	76	gabrielle roy	The cashier	0.0871	1955
mdp.39015010390337	41	agatha christie	The regatta mystery, and other stories	0.0808	1939
mdp.39015080853487	64	jeremy duns	Free agent	0.1432	2009
mdp.39015047139004	48	michael pye	The drowning room	0.0815	1995
uc1.b3116719	68	robert payne	The roaring boys	0.1033	1955
mdp.39015032138078	78	kiana davenport	Shark dialogues	0.1494	1994
uc1.32106012188493	72	zhang xianliang	Grass soup	0.1222	1995
uc1.b4437638	37	david guy	Football dreams	0.0501	1980
mdp.39015013793867	17	erskine caldwell	The sure hand of God : a novel	0.0675	1947
mdp.39015033003800	61	gwyn griffin	An operational necessity	0.1032	1967
mdp.39015018506645	3	"marek hlasko
tomasz mirkowicz"	Killing the second dog	0.1035	1969
mdp.39015063960523	52	d e stevenson	Miss Buncle's book	0.1307	1937
uc1.$b322869	68	gwen bristow	Deep summer	0.0528	1937
mdp.49015002457258	78	sarah schulman	Shimmer	0.0612	1998
uc1.b4091201	38	r prawer jhabvala	Amrita, a novel	0.067	1955
uc1.$b106187	64	berkeley mather	The pass beyond Kashmir	0.0904	1960
uc1.b3454965	61	violet weingarten	Half a marriage	0.0685	1976
mdp.39015016452446	61	christine brooke rose	The dear deceit, a novel	0.0552	1960
uc1.$b115484	13	james s rand	Run for the trees by James S. Rand	0.0667	1966
mdp.39015047452076	15	barbara delinsky	Lake news : a novel	0.0521	1999
mdp.39015046877349	56	mark o'donnell	Let nothing you dismay	0.1227	1998
uc1.$b103271	18	sophus keith winther	Take all to Nebraska	0.0662	1936
mdp.39015002968033	70	ray bradbury	I sing the body electric! Stories	0.0546	1969
uc1.b3406875	15	cordelia jones	Nobody's garden	0.0609	1966
mdp.39015040694393	71	lynn luria sukenick	Danger wall may fall : short stories	0.0613	1997
uc1.32106014602905	41	dorothy dunnett	Checkmate	0.0602	1975
uc1.b3435493	57	joyce porter	Dover and the unkindest cut of all	0.055	1967
mdp.39015010482076	31	k m wallenius	Men from the sea	0.2307	1955
pst.000033457444	13	clyde robert bulla	Viking adventure	0.0361	1963
mdp.39015019149791	70	joan williams	The morning and the evening	0.0542	1961
mdp.39015029935908	16	osvaldo soriano	Shadows	0.0663	1993
uc1.$b243846	66	kathryn forbes	Mama's bank account	0.1146	1943
mdp.39015048890902	33	donald mccaig	The Butte polka : a novel	0.0439	1980
uc1.$b101973	18	cranville hicks	There was a man in our town, a novel	0.0696	1952
uc1.b4354000	75	vladimir orlov	Danilov, the violist : a novel	0.0921	1987
mdp.49015003454585	30	kingsley amis	Difficulties with girls : a novel	0.1221	1988
mdp.39015019170961	58	douglas unger	The turkey war	0.1379	1988
uc1.b4098972	40	leo politi	Song of the swallows	0.0545	1949
uc1.b4098194	15	beverly butler	Song of the voyageur	0.0726	1955
mdp.39015060839100	70	monica wood	Any bitter thing : a novel	0.0886	2005
uc1.32106009855252	46	jean paul hartre	Troubled sleep	0.1499	1950
mdp.39015066057384	61	harvey swados	Standing fast	0.0738	1970
mdp.39015034425846	2	louis de bernières	Corelli's mandolin	0.0767	1994
mdp.39015056248696	0	richard yancey	A burning in Homeland	0.0521	2003
uc1.$b104868	78	byron herbert reece	The hawk and the sun	0.1124	1955
mdp.39015028918608	75	raymond queneau	Saint Glinglin	0.0626	1976
mdp.39015002684911	20	kate wilhelm	A sense of shadow	0.1038	1981
mdp.39015010829078	66	mordecai richler	The apprenticeship of Duddy Kravitz	0.0848	1959
mdp.39015030699642	32	ward just	Nicholson at large : a novel	0.0822	1975
mdp.39015041541171	43	linda fairstein	Likely to die : a novel	0.1078	1997
uc1.b3752250	43	georges simenon	The methods of Maigret	0.0442	1956
pst.000063381627	60	james reeves	English fables and fairy stories, retold	0.1675	1954
mdp.39015079291335	23	robert rankin	Necrophenia	0.1508	2008
mdp.39015056801957	74	wally lamb	She's come undone	0.1573	1992
mdp.39015040131248	29	ted mooney	Singing into the piano	0.0445	1998
mdp.39015054129070	25	adam johnson	Emporium : stories	0.0466	2002
uc1.b4087794	4	yoshiko retold by uchida	The magic listening cap: more folk tales from Japan	0.0674	1955
mdp.39015056793303	48	annette sanford	Eleanor & Abel : a romance	0.0723	2003
mdp.39015034924574	21	rebecca goldstein	Mazel	0.0661	1995
uc1.$b114938	52	russell janney	The vision of Red O'Shea, a melodrama in rhyme;	0.0817	1949
mdp.39015020749142	17	richard matheson	Bid time return	0.0447	1975
pst.000054375475	51	leo lionni	Matthew's dream	0.0821	1991
mdp.39015037694273	29	inés arredondo	Underground river and other stories	0.107	1996
mdp.39015037702811	41	tim willocks	Bloodstained kings	0.0753	1995
uc1.b4430799	24	james carroll	Supply of heroes	0.0581	1986
mdp.39015064704664	1	pauls toutonghi	Red weather : a novel	0.0848	2006
uc1.b4099012	7	jennie d lindquist	The golden name day	0.0996	1955
pst.000053739469	60	john cheever	The world of apples	0.0708	1973
uc1.b4376289	77	osamu dazai	The setting sun	0.0593	1948
mdp.39015046391333	41	agatha christie	Poirot loses a client	0.0565	1937
pst.000021356292	77	chaim  potok	The book of lights	0.1222	1981
inu.30000036527962	60	welch everman	The Harry and Sylvia stories	0.0712	1992
mdp.39015037769836	78	bessie head	The cardinals, with meditations and short stories	0.0734	1986
mdp.39015000614266	76	jack smith	Spend all your kisses, Mr. Smith	0.0692	1978
uc1.32106002095799	60	raymond chandler	Killer in the rain	0.0481	1959
inu.39000000530415	49	anne tyler	Searching for Caleb	0.0927	1975
mdp.39015024891452	66	naguib mahfouz	Palace of desire	0.1083	1991
mdp.39015011235655	51	anthony powell	The fisher king : a novel	0.1197	1986
uc1.b3295277	74	harlan ware	Come, fill the cup	0.0622	1952
mdp.39015032582937	13	susan power	The grass dancer	0.0643	1994
inu.30000086814187	79	burt zollo	Prisoners	0.2079	2003
uc1.$b56748	24	elgin groseclose	Ararat	0.0487	1939
mdp.39076002598139	50	herbert best	Desmond's first case	0.0864	1961
mdp.39015009382261	68	mary stewart	The crystal cave	0.0541	1970
mdp.39015008981584	52	danilo kis	Garden, ashes	0.06	1975
mdp.39015059246895	48	rana dasgupta	Tokyo cancelled	0.0601	2005
mdp.39015014692514	6	patricia highsmith	Strangers on a train	0.1014	1950
mdp.39015014678935	38	helen a mahler	Empress of Byzantium	0.076	1952
uc1.b3463321	42	robert hemenway	At the border	0.0506	1984
mdp.39015050605990	12	kate wilhelm	The Killer thing	0.0659	1967
mdp.39015042099344	58	w l heath	Violent Saturday	0.0633	1955
mdp.39015008366208	58	fazil iskander	Sandro of Chegem	0.0688	1983
uc1.$b104445	52	maurice edelman	A call on Kuprin	0.0525	1959
mdp.39015003681197	75	john gardner	Jason and Medeia	0.0626	1973
mdp.39015031793568	25	e.l. doctorow	The waterworks	0.0642	1994
uc1.b4462497	63	james kavanaugh	The celibates	0.1735	1985
uc1.b4368844	19	audrey thomas	Intertidal life : a novel	0.0917	1984
mdp.39015055437613	13	charlotte gullick	By way of water	0.0869	2002
inu.30000088085224	24	"joan sales
peter bush"	Uncertain glory	0.0847	2002
mdp.49015002952951	29	agatha christie	And then there were none	0.0421	1940
mdp.39015045658138	6	jacquelyn mitchard	The most wanted	0.0693	1998
mdp.39015010757824	31	elmo wortman	Almost too late	0.1912	1981
mdp.39015027249575	12	suzette haden elgin	Native tongue	0.1525	1984
uc1.32106001965661	64	eric ambler	The light of day	0.0826	1962
mdp.39015053497080	47	deborah moggach	Final demand	0.071	2001
osu.32435009532185	6	stuart palmer	Four lost ladies	0.0534	1949
mdp.39015030718889	10	hilda wernher	The land and the well	0.0984	1946
mdp.39015073890629	41	nicci french	Losing you	0.1336	2006
mdp.39015020715614	22	manuel puig	Betrayed by Rita Hayworth	0.0571	1971
mdp.39015008356332	15	june jordan	His own where	0.087	1971
uc1.32106014759010	47	colin macinnes	Absolute beginners	0.0751	1959
mdp.39015049869996	7	garson kanin	A thousand summers	0.0643	1973
mdp.39015045679886	45	allen hoffman	Two for the devil	0.0601	1998
uc1.$b318498	31	paul vialar	Rose of the sea	0.0511	1940
uc1.32106007954446	43	jose cardoso pires	Ballad of dogs' beach : dossier of a crime	0.0803	1987
mdp.39015004192970	70	william trevor	Other people's worlds	0.07200000000000001	1980
uc1.b4974910	26	paul loup sulitzer	Fortune : a novel	0.1668	1987
mdp.39015053773977	71	john updike	The complete Henry Bech : twenty stories	0.1139	2001
mdp.39015011530808	69	james hilton	The story of Dr. Wassell	0.0517	1943
pst.000025031294	73	james a. michener	Hawaii	0.065	1959
mdp.39015059250061	43	robert crais	The forgotten man : a novel	0.1257	2005
uc1.$b794546	13	max catto	Gold in the Sky	0.0813	1958
inu.32000002543876	2	auberon waugh	The foxglove saga	0.1346	1960
mdp.39015053493857	5	patrick neate	Twelve bar blues	0.1325	2001
mdp.39015019752230	11	benedict kiely	In a harbour green	0.0743	1950
mdp.39015034851751	70	delia ephron	Hanging up	0.071	1995
mdp.39015055823853	79	christian bauman	The ice beneath you : a novel	0.1422	2002
mdp.39015066113021	74	eric jerome dickey	The other woman	0.0854	2003
mdp.39015050240731	61	fielding dawson	An emotional memoir of Franz Kline	0.0485	1967
uc1.b4363395	32	theodore wilden	To die elsewhere	0.0438	1976
pst.000018453157	48	norma klein	Confessions of an only child	0.0442	1974
mdp.39015008615109	77	isaac bashevis singer	The magician of Lublin	0.0769	1960
uc1.32106019128773	69	ian fleming	Thunderball	0.055	1961
mdp.39015073948294	28	danielle steel	Coming out	0.1128	2006
mdp.39015063939980	18	josephine lawrence	Bow down to wood and stone	0.1218	1938
